{"user":"barbora_podzimkova","firstname":"Barbora","lastname":"Podzimkova","favouriteGenres":"naucne, dystopie, biografie","interests":"foceni, jazyky, technologie"}
{"user":"tereza_cerna","firstname":"Tereza","lastname":"Cerna","favouriteGenres":"biografie, young adult","interests":"chov zvirat, socialni studie, cestovani"}
{"user":"robert_potocky","firstname":"Robert","lastname":"Potocky","favouriteGenres":"biografie, fantasy, technologie","interests":"sport, kytara, vareni, umeni, technologie"}
