{"title":"Divergence","page":"divergence","author":"Veronica Roth","image":"divergence.jpg","user":"katerina_fortova","booklist":"read"}
{"title":"Hunger Games","page":"hunger_games","author":"Suzanne Collins","image":"hungergames2.jpg","user":"katerina_fortova","booklist":"read"}
{"title":"Hunger Games","page":"hunger_games","author":"Suzanne Collins","image":"hungergames2.jpg","user":"barbora_podzimkova","booklist":"read"}
{"title":"Mleko a med","page":"mleko_a_med","author":"Rupi Kaur","image":"mleko.png","user":"barbora_podzimkova","booklist":"read"}
{"title":"Projekt Kronos","page":"projekt_kronos","author":"Pavel Bares","image":"kronos.jpeg","user":"robert_potocky","booklist":"read"}
{"title":"Zla krev","page":"zla_krev","author":"John Carreyrou","image":"krev.jpg","user":"robert_potocky","booklist":"toread"}
{"title":"Divergence","page":"divergence","author":"Veronica Roth","image":"divergence.jpg","user":"tereza_cerna","booklist":"read"}
